img,title,price,link,year,kms
http://mco-s1-p.mlstatic.com/119811-MCO20671786092_042016-Y.jpg?square=null, Renault Sandero Authentique Mt 1600cc 8v Aa,$ 22.000.000 ,http://articulo.tucarro.com.co/MCO-421972589-renault-sandero-authentique-mt-1600cc-8v-aa-_JM,2012,"46,000 Km"
http://mco-s1-p.mlstatic.com/381911-MCO20671772365_042016-Y.jpg?square=null, Renault Sandero Gt Mt 1600cc 8v Fe,$ 25.000.000 ,http://articulo.tucarro.com.co/MCO-421972411-renault-sandero-gt-mt-1600cc-8v-fe-_JM,2010,"59,500 Km"
http://mco-s1-p.mlstatic.com/390911-MCO20671462992_042016-Y.jpg?square=null, Renault Sandero Dynamique At 1600cc 16v Aa,$ 37.000.000 ,http://articulo.tucarro.com.co/MCO-421966838-renault-sandero-dynamique-at-1600cc-16v-aa-_JM,2016,"6,371 Km"
http://mco-s1-p.mlstatic.com/367911-MCO20670237007_042016-Y.jpg?square=null, Renault Sandero Expression Mt 1600cc 8v Aa,$ 25.500.000 ,http://articulo.tucarro.com.co/MCO-421954007-renault-sandero-expression-mt-1600cc-8v-aa-_JM,2014,"27,000 Km"
http://mco-s1-p.mlstatic.com/684911-MCO20666954640_042016-Y.jpg?square=null, Renault Sandero,$ 33.500.000 ,http://articulo.tucarro.com.co/MCO-421820144-renault-sandero-_JM,2016,"10,700 Km"
http://mco-s1-p.mlstatic.com/434911-MCO20664013525_042016-Y.jpg?square=null, Renault Sandero,$ 28.000.000 ,http://articulo.tucarro.com.co/MCO-421754350-renault-sandero-_JM,2014,"51,000 Km"
http://mco-s2-p.mlstatic.com/981911-MCO20665835839_042016-Y.jpg?square=null, Renault Sandero Expression Mt 1600cc 8v Aa,$ 24.500.000 ,http://articulo.tucarro.com.co/MCO-421802199-renault-sandero-expression-mt-1600cc-8v-aa-_JM,2012,"27,500 Km"
http://mco-s2-p.mlstatic.com/551611-MCO20583986608_022016-Y.jpg?square=null, Renault Sandero Expression Mt 1600cc 8v Aa,$ 34.000.000 ,http://articulo.tucarro.com.co/MCO-421952635-renault-sandero-_JM,2016,"3,500 Km"
http://mla-s1-p.mlstatic.com/674611-MLA20597926192_022016-Y.jpg?square=null, Renault Sandero Gt Line Mt 1600cc 16v Fe,$ 23.000.000 ,http://articulo.tucarro.com.co/MCO-420378309-renault-sandero-gt-line-2011-fe-_JM,2011,"57,865 Km"
http://mco-s1-p.mlstatic.com/307911-MCO20661812563_042016-Y.jpg?square=null, Renault Sandero Dynamique At 1600cc 16v Aa,$ 27.700.000 ,http://articulo.tucarro.com.co/MCO-421705628-renault-sandero-dynamique-at-1600cc-16v-aa-_JM,2012,"31,150 Km"
http://mco-s2-p.mlstatic.com/831911-MCO20661400024_042016-Y.jpg?square=null, Renault Sandero Expression Mt 1600cc 8v Aa,$ 31.200.000 ,http://articulo.tucarro.com.co/MCO-421673493-renault-sandero-2015-expression-mt-1600cc-8v-aa-_JM,2015,"8,555 Km"
http://mla-s1-p.mlstatic.com/489711-MLA20650809568_032016-Y.jpg?square=null, Renault Sandero 2017 Comet,$ 38.500.000 ,http://articulo.tucarro.com.co/MCO-421469171-renault-sandero-2017-comet-_JM,2016,1 Km
http://mco-s1-p.mlstatic.com/774911-MCO20658676903_042016-Y.jpg?square=null, Renault Sandero Gt Line Mt 1600cc 16v,$ 28.000.000 ,http://articulo.tucarro.com.co/MCO-421643914-renault-sandero-gt-line-mt-1600cc-16v-_JM,2012,"32,300 Km"
http://mco-s2-p.mlstatic.com/441511-MCO20559703311_012016-Y.jpg?square=null, Renault Sandero Dynamique At 1600cc 16v,$ 26.000.000 ,http://articulo.tucarro.com.co/MCO-421661034-renault-sandero-dynamique-at-1600cc-16v-_JM,2012,"53,000 Km"
http://mco-s2-p.mlstatic.com/157811-MCO20642543280_032016-Y.jpg?square=null, Renault Sandero Authentique Mt 1600cc 8v Sa,$ 24.000.000 ,http://articulo.tucarro.com.co/MCO-421366164-renault-sandero-authentique-mt-1600cc-8v-sa-_JM,2014,"33,000 Km"
http://mco-s1-p.mlstatic.com/709611-MCO20601478417_022016-Y.jpg?square=null, Renault Sandero 2011,$ 22.500.000 ,http://articulo.tucarro.com.co/MCO-420616915-renault-sandero-2011-_JM,2011,"95,000 Km"
http://mco-s2-p.mlstatic.com/845911-MCO20660696983_042016-Y.jpg?square=null, Renault Sandero Expression Mt 1600cc 8v Aa,$ 20.100.000 ,http://articulo.tucarro.com.co/MCO-421685923-renault-sandero-2010-_JM,2010,"83,700 Km"
http://mco-s1-p.mlstatic.com/703911-MCO20660366371_042016-Y.jpg?square=null, Renault Sandero Authentique Mt 1600cc 8v Aa,$ 22.000.000 ,http://articulo.tucarro.com.co/MCO-421680914-renault-sandero-authentique-mt-1600cc-8v-aa-_JM,2012,"61,000 Km"
http://mco-s2-p.mlstatic.com/582911-MCO20660674594_042016-Y.jpg?square=null, Renault Sandero,$ 19.000.000 ,http://articulo.tucarro.com.co/MCO-421685738-renault-sandero-_JM,2009,"97,251 Km"
http://mco-s1-p.mlstatic.com/749811-MCO20657659677_042016-Y.jpg?square=null, Renault Sandero,$ 21.500.000 ,http://articulo.tucarro.com.co/MCO-421626094-renault-sandero-_JM,2010,"77,000 Km"
http://mco-s1-p.mlstatic.com/236411-MCO20564101279_012016-Y.jpg?square=null, Renault Sandero,$ 22.000.000 ,http://articulo.tucarro.com.co/MCO-421511410-renault-sandero-_JM,2010,"90,000 Km"
http://mco-s2-p.mlstatic.com/418811-MCO20649364635_032016-Y.jpg?square=null, Renault Sandero Gt Line Mt 1600cc 16v Fe,$ 30.000.000 ,http://articulo.tucarro.com.co/MCO-421467773-renault-sandero-gt-line-mt-1600cc-16v-fe-_JM,2014,"23,000 Km"
http://mco-s1-p.mlstatic.com/834811-MCO20643033493_032016-Y.jpg?square=null, Renault Sandero,$ 34.000.000 ,http://articulo.tucarro.com.co/MCO-421371523-renault-sandero-_JM,2014,"16,670 Km"
http://mco-s1-p.mlstatic.com/786811-MCO20627322164_032016-Y.jpg?square=null, Renault Sandero Dynamique Mt 1600cc 8v Aa,$ 33.000.000 ,http://articulo.tucarro.com.co/MCO-421000514-renault-sandero-dynamique-mt-1600cc-8v-aa-_JM,2015,"7,000 Km"
http://mco-s1-p.mlstatic.com/586711-MCO20621221322_032016-Y.jpg?square=null, Renault Sandero Authentique Mt 1600cc 8v Sa,$ 26.500.000 ,http://articulo.tucarro.com.co/MCO-420860011-renault-sandero-authentique-mt-1600cc-8v-sa-_JM,2014,"28,000 Km"
http://mco-s1-p.mlstatic.com/732711-MCO20612121411_032016-Y.jpg?square=null, Renault Sandero Gt Mt 1600cc 8v Fe,$ 24.500.000 ,http://articulo.tucarro.com.co/MCO-420737603-renault-sandero-gt-mt-1600cc-8v-fe-_JM,2011,"68,000 Km"
http://mco-s1-p.mlstatic.com/578611-MCO20610638380_032016-Y.jpg?square=null, Renault Sandero Gt Line Mt 1600cc 16v,$ 32.000.000 ,http://articulo.tucarro.com.co/MCO-420720172-renault-sandero-2015-_JM,2015,"15,800 Km"
http://mco-s2-p.mlstatic.com/661311-MCO20524276083_122015-Y.jpg?square=null, Renault Sandero Gt Line Mt 1600cc 16v Fe,$ 27.500.000 ,http://articulo.tucarro.com.co/MCO-420326201-renault-sandero-gt-line-mt-1600cc-16v-fe-_JM,2012,"19,500 Km"
http://mco-s1-p.mlstatic.com/767611-MCO20609467541_022016-Y.jpg?square=null, Renault Sandero 2014,$ 28.000.000 ,http://articulo.tucarro.com.co/MCO-420698844-renault-sandero-2014-_JM,2014,"17,200 Km"
http://mco-s2-p.mlstatic.com/125611-MCO20600977059_022016-Y.jpg?square=null, Renault Sandero Authentique Mt 1600cc 8v Aa,$ 26.800.000 ,http://articulo.tucarro.com.co/MCO-420305248-sandero-authentique-_JM,2014,"27,000 Km"
http://mco-s1-p.mlstatic.com/601811-MCO20631419245_032016-Y.jpg?square=null, Renault Sandero Authentique Mt 1600cc 8v Sa,$ 32.000.000 ,http://articulo.tucarro.com.co/MCO-421123645-renault-sandero-authentique-mt-1600cc-8v-sa-_JM,2016,"10,230 Km"
http://mla-s2-p.mlstatic.com/294911-MLA20654672214_042016-Y.jpg?square=null, Renault Sandero Dynamique Mt 1600cc 8v Fe,$ 26.750.000 ,http://articulo.tucarro.com.co/MCO-421546608-renault-sandero-dynamique-1600-c-c-mecanico-2013-_JM,2013,"38,000 Km"
http://mco-s2-p.mlstatic.com/740811-MCO20630953293_032016-Y.jpg?square=null, Renault Sandero Expression Mt 1600cc 8v Aa,$ 22.500.000 ,http://articulo.tucarro.com.co/MCO-421100402-renault-sandero-2011-_JM,2011,"35,000 Km"
http://mco-s2-p.mlstatic.com/447811-MCO20628520212_032016-Y.jpg?square=null, Renault Sandero Expression Mt 1600cc 8v Aa,$ 29.000.000 ,http://articulo.tucarro.com.co/MCO-421032754-renault-sandero-2015-_JM,2015,"26,900 Km"
http://mco-s1-p.mlstatic.com/678611-MCO20622571321_032016-Y.jpg?square=null, Renault Sandero,$ 34.000.000 ,http://articulo.tucarro.com.co/MCO-420888089-renault-sandero-_JM,2015,"13,000 Km"
http://mco-s2-p.mlstatic.com/642811-MCO20645597958_032016-Y.jpg?square=null, Renault Sandero Dynamique Mt 1600cc 8v Fe,$ 28.000.000 ,http://articulo.tucarro.com.co/MCO-421403644-renault-sandero-dynamique-mt-1600cc-8v-fe-_JM,2014,"30,600 Km"
http://mco-s1-p.mlstatic.com/993611-MCO20596511856_022016-Y.jpg?square=null, Renault Sandero,$ 20.500.000 ,http://articulo.tucarro.com.co/MCO-420398043-renault-sandero-_JM,2010,"91,507 Km"
http://mco-s1-p.mlstatic.com/357511-MCO20595693023_022016-Y.jpg?square=null, Renault Sandero Dynamique Mt 1600cc 8v Aa,$ 20.500.000 ,http://articulo.tucarro.com.co/MCO-420378060-renault-sandero-dynamique-mt-1600cc-8v-aa-_JM,2011,"86,000 Km"
http://mco-s1-p.mlstatic.com/779711-MCO20627294607_032016-Y.jpg?square=null, Renault Sandero,$ 31.800.000 ,http://articulo.tucarro.com.co/MCO-420999829-renault-sandero-_JM,2014,"27,000 Km"
http://mco-s2-p.mlstatic.com/866711-MCO20610690486_032016-Y.jpg?square=null, Renault Sandero 2015,$ 30.500.000 ,http://articulo.tucarro.com.co/MCO-420720915-renault-sandero-2015-_JM,2015,"25,000 Km"
http://mco-s2-p.mlstatic.com/737711-MCO20621517596_032016-Y.jpg?square=null, Renault Sandero Dynamique Mt 1600cc 8v Aa,$ 21.500.000 ,http://articulo.tucarro.com.co/MCO-420872340-renault-sandero-dynamique-mt-1600cc-8v-aa-_JM,2011,"92,000 Km"
http://mco-s2-p.mlstatic.com/399311-MCO20528033408_122015-Y.jpg?square=null, Renault Sandero,$ 27.900.000 ,http://articulo.tucarro.com.co/MCO-420382222-renault-sandero-_JM,2012,"20,400 Km"
http://mco-s2-p.mlstatic.com/187411-MCO20556165712_012016-Y.jpg?square=null, Renault Sandero Dynamique At 1600cc 16v Aa,$ 34.000.000 ,http://articulo.tucarro.com.co/MCO-421356669-renault-sandero-dynamique-at-1600cc-16v-aa-_JM,2015,"15,000 Km"
http://mco-s1-p.mlstatic.com/195811-MCO20629796662_032016-Y.jpg?square=null, Renault Sandero Dynamique At 1600cc 16v,$ 37.500.000 ,http://articulo.tucarro.com.co/MCO-421061952-renault-sandero-2016-_JM,2016,"3,300 Km"
http://mco-s2-p.mlstatic.com/988311-MCO20526920513_122015-Y.jpg?square=null, Renault Sandero,$ 35.000.000 ,http://articulo.tucarro.com.co/MCO-420752140-renault-sandero-_JM,2014,"7,200 Km"
http://mco-s1-p.mlstatic.com/786711-MCO20614413123_032016-Y.jpg?square=null, Renault Sandero Expression Mt 1600cc 8v Aa,$ 25.400.000 ,http://articulo.tucarro.com.co/MCO-420762751-renault-sandero-expression-mt-1600cc-8v-aa-_JM,2014,"38,000 Km"
http://mco-s1-p.mlstatic.com/976611-MCO20618291457_032016-Y.jpg?square=null, Renault Sandero Authentique Mt 1600cc 8v Sa,$ 24.800.000 ,http://articulo.tucarro.com.co/MCO-420820414-renault-sandero-authentique-mt-1600cc-8v-sa-_JM,2012,"50,000 Km"
http://mco-s1-p.mlstatic.com/522711-MCO20610965147_032016-Y.jpg?square=null, Renault Sandero,$ 26.500.000 ,http://articulo.tucarro.com.co/MCO-420722952-renault-sandero-_JM,2015,"20,000 Km"
http://mco-s2-p.mlstatic.com/357611-MCO20624610724_032016-Y.jpg?square=null, Renault Sandero Expression Mt 1600cc 8v Aa,$ 21.500.000 ,http://articulo.tucarro.com.co/MCO-420944347-renault-sandero-expression-mt-1600cc-8v-aa-_JM,2011,"47,000 Km"
http://mco-s1-p.mlstatic.com/159111-MCO20477089037_112015-Y.jpg?square=null, Renault Sandero,$ 27.800.000 ,http://articulo.tucarro.com.co/MCO-420894125-renault-sandero-_JM,2012,"37,000 Km"
http://mco-s1-p.mlstatic.com/310811-MCO20636646758_032016-Y.jpg?square=null, Renault Sandero Expression Mt 1600cc 8v Aa,$ 20.900.000 ,http://articulo.tucarro.com.co/MCO-421237803-renault-sandero-expression-mt-1600cc-8v-aa-_JM,2010,"49,500 Km"
http://mco-s2-p.mlstatic.com/749811-MCO20657900484_042016-Y.jpg?square=null, Renault Sandero,$ 29.000.000 ,http://articulo.tucarro.com.co/MCO-421629780-renault-sandero-_JM,2014,"26,500 Km"
http://mco-s1-p.mlstatic.com/725811-MCO20648993992_032016-Y.jpg?square=null, Renault Sandero Expression Mt 1600cc 8v Aa,$ 24.000.000 ,http://articulo.tucarro.com.co/MCO-421459867-renault-sandero-expression-mt-1600cc-8v-aa-_JM,2013,"58,000 Km"
http://mco-s1-p.mlstatic.com/234511-MCO20561591376_012016-Y.jpg?square=null, Renault Sandero Gt Line Mt 1600cc 16v Fe,$ 30.000.000 ,http://articulo.tucarro.com.co/MCO-421408545-renault-sandero-gt-line-mt-1600cc-16v-fe-_JM,2014,"33,000 Km"
http://mco-s2-p.mlstatic.com/556411-MCO20553283378_012016-Y.jpg?square=null, Renault Sandero 2009,$ 19.500.000 ,http://articulo.tucarro.com.co/MCO-421237681-renault-sandero-2009-_JM,2009,"98,669 Km"
http://mco-s2-p.mlstatic.com/565611-MCO20599359900_022016-Y.jpg?square=null, Renault Sandero Dynamique Mt 1600cc 8v Aa,$ 20.000.000 ,http://articulo.tucarro.com.co/MCO-420453803-renault-sandero-dynamique-mt-1600cc-8v-aa-_JM,2010,"107,645 Km"
http://mco-s2-p.mlstatic.com/109411-MCO20559506826_012016-Y.jpg?square=null, Renault Sandero,$ 20.900.000 ,http://articulo.tucarro.com.co/MCO-421365861-renault-sandero-_JM,2011,"88,316 Km"
http://mco-s2-p.mlstatic.com/9830-MCO20021991966_122013-Y.jpg?square=null, Renault Sandero Gt Line Mt 1600cc 16v Fe,$ 28.900.000 ,http://articulo.tucarro.com.co/MCO-421398591-renault-sandero-_JM,2016,"8,000 Km"
http://mco-s1-p.mlstatic.com/823911-MCO20669014123_042016-Y.jpg?square=null, Renault Sandero 2012,$ 22.000.000 ,http://articulo.tucarro.com.co/MCO-421906600-renault-sandero-2012-_JM,2012,"33,400 Km"
http://mco-s1-p.mlstatic.com/576911-MCO20670187511_042016-Y.jpg?square=null, Renault Sandero Gt Line Mt 1600cc 16v Fe,$ 29.000.000 ,http://articulo.tucarro.com.co/MCO-421952638-renault-sandero-gt-line-2015-full-equipo-_JM,2015,"23,000 Km"
http://mco-s2-p.mlstatic.com/537911-MCO20668146208_042016-Y.jpg?square=null, Renault Sandero Dynamique Mt 1600cc 8v Fe,$ 28.000.000 ,http://articulo.tucarro.com.co/MCO-421873649-sandero-full-equipo-2013-_JM,2013,"34,000 Km"
http://mco-s2-p.mlstatic.com/547911-MCO20663603146_042016-Y.jpg?square=null, Renault Sandero 2012,$ 23.000.000 ,http://articulo.tucarro.com.co/MCO-421744696-renault-sandero-2012-_JM,2012,"54,000 Km"
http://mco-s2-p.mlstatic.com/996911-MCO20666538324_042016-Y.jpg?square=null, Renault Sandero 2010,$ 26.000.000 ,http://articulo.tucarro.com.co/MCO-421811512-renault-sandero-2010-_JM,2010,"99,600 Km"
http://mco-s2-p.mlstatic.com/506911-MCO20665696524_042016-Y.jpg?square=null, Renault Sandero 2015,$ 31.000.000 ,http://articulo.tucarro.com.co/MCO-421796246-renault-sandero-2015-_JM,2015,"24,000 Km"
http://mco-s2-p.mlstatic.com/504911-MCO20667215556_042016-Y.jpg?square=null, Renault Sandero 2013,$ 19.000.000 ,http://articulo.tucarro.com.co/MCO-421824474-renault-sandero-2013-_JM,2013,"78,000 Km"
http://mla-s1-p.mlstatic.com/169811-MLA20668215699_042016-Y.jpg?square=null, Renault Sandero 2012,$ 19.200.000 ,http://articulo.tucarro.com.co/MCO-421772945-renault-sandero-2012-_JM,2012,"58,500 Km"
http://mco-s1-p.mlstatic.com/230911-MCO20658883444_042016-Y.jpg?square=null, Renault Sandero 2012,$ 25.000.000 ,http://articulo.tucarro.com.co/MCO-421652671-renault-sandero-2012-_JM,2012,"41,000 Km"
http://mco-s1-p.mlstatic.com/678911-MCO20660519656_042016-Y.jpg?square=null, Renault Sandero 2012,$ 25.000.000 ,http://articulo.tucarro.com.co/MCO-421659315-renault-sandero-2012-_JM,2012,"55,000 Km"
http://mco-s1-p.mlstatic.com/477711-MCO20602957454_022016-Y.jpg?square=null, Renault Sandero Dynamique Mt 1600cc 8v Fe,$ 22.700.000 ,http://articulo.tucarro.com.co/MCO-420633059-renault-sandero-2011-dynamique-mt-1600cc-8v-fe-_JM,2011,"78,000 Km"
http://mco-s2-p.mlstatic.com/104811-MCO20647691506_032016-Y.jpg?square=null, Renault Sandero 2014,$ 28.900.000 ,http://articulo.tucarro.com.co/MCO-421440190-renault-sandero-2014-_JM,2014,"25,900 Km"
http://mco-s2-p.mlstatic.com/239811-MCO20652563229_032016-Y.jpg?square=null, Renault Sandero Dynamique At 1600cc 16v Aa,$ 42.000.000 ,http://articulo.tucarro.com.co/MCO-421511157-renault-sandero-dynamique-auto-2017-16-full-_JM,2017,"1,375 Km"
http://mco-s1-p.mlstatic.com/679711-MCO20633582336_032016-Y.jpg?square=null, Renault Sandero Dynamique Mt 1600cc 8v Aa,$ 28.500.000 ,http://articulo.tucarro.com.co/MCO-421186746-renault-sandero-dynamique-2014-_JM,2014,"51,000 Km"
http://mla-s1-p.mlstatic.com/364911-MLA20662321198_042016-Y.jpg?square=null, Renault Sandero Dynamique Mt 1600cc 8v Aa,$ 21.000.000 ,http://articulo.tucarro.com.co/MCO-421684569-renault-sandero-16-modelo-2012-_JM,2012,"60,000 Km"
http://mla-s1-p.mlstatic.com/389711-MLA20629216890_032016-Y.jpg?square=null, Renault Sandero Expression Mt 1600cc 8v Aa,$ 28.500.000 ,http://articulo.tucarro.com.co/MCO-421204889-renault-sandero-expression-1600cc-mecanico-2013-_JM,2013,"57,109 Km"
http://mla-s1-p.mlstatic.com/853711-MLA20626281943_032016-Y.jpg?square=null, Renault Sandero Dynamique At 1600cc 16v Aa,$ 28.900.000 ,http://articulo.tucarro.com.co/MCO-420963261-renault-sandero-automatico-_JM,2012,"60,000 Km"
http://mco-s2-p.mlstatic.com/883911-MCO20654164551_042016-Y.jpg?square=null, Renault Sandero Expression Mt 1600cc 8v Aa,$ 22.800.000 ,http://articulo.tucarro.com.co/MCO-421536523-renault-sandero-expression-16-_JM,2010,"38,350 Km"
http://mco-s2-p.mlstatic.com/749211-MCO20523060188_122015-Y.jpg?square=null, Renault Sandero Authentique Mt 1600cc 8v Aa,$ 32.590.000 ,http://articulo.tucarro.com.co/MCO-421510964-renault-sandero-authentique-_JM,2016,0 Km
http://mco-s2-p.mlstatic.com/854911-MCO20654683416_042016-Y.jpg?square=null, Renault Sandero 5p 1600cc,$ 29.000.000 ,http://articulo.tucarro.com.co/MCO-421548482-renault-sandero-5p-1600cc-_JM,2015,"10,980 Km"
http://mla-s2-p.mlstatic.com/863811-MLA20631532590_032016-Y.jpg?square=null, Renault Sandero 2013,$ 27.400.000 ,http://articulo.tucarro.com.co/MCO-421630285-renault-sandero-2013-_JM,2013,"34,000 Km"
http://mla-s2-p.mlstatic.com/193511-MLA20573604316_022016-Y.jpg?square=null, Renault Sandero Dynamique Mecánico 2013,$ 29.500.000 ,http://articulo.tucarro.com.co/MCO-421201617-renault-sandero-dynamique-mecanico-2013-_JM,2013,"36,491 Km"
http://mco-s2-p.mlstatic.com/750911-MCO20659545494_042016-Y.jpg?square=null, Renault Sandero Dynamique Mt 1600cc 8v Aa,$ 34.800.000 ,http://articulo.tucarro.com.co/MCO-421665819-renault-sandero-dynamique-2016-_JM,2016,"11,000 Km"
http://mco-s1-p.mlstatic.com/601511-MCO20567557415_012016-Y.jpg?square=null, Renault Sandero Gt Line Mt 1600cc 16v,$ 33.000.000 ,http://articulo.tucarro.com.co/MCO-419851013-renault-sandero-16-gt-line-16v-mecanico-_JM,2015,"8,858 Km"
http://mco-s1-p.mlstatic.com/306811-MCO20631496844_032016-Y.jpg?square=null, Renault Sandero Expression Mt 1600cc 8v Aa,$ 26.900.000 ,http://articulo.tucarro.com.co/MCO-421201566-renault-sandero-expression-1600cc-mecanico-2013-_JM,2013,"22,054 Km"
http://mco-s2-p.mlstatic.com/814911-MCO20660330924_042016-Y.jpg?square=null, Renault Sandero Dynamique Mt 1600cc 8v Aa,$ 19.900.000 ,http://articulo.tucarro.com.co/MCO-421679955-renault-sandero-expresion-mt-aa-_JM,2010,"89,000 Km"
http://mla-s1-p.mlstatic.com/124711-MLA20626160958_032016-Y.jpg?square=null, Renault Sandero Dynamique Mt 1600cc 8v Fe,$ 35.500.000 ,http://articulo.tucarro.com.co/MCO-420937965-renault-sandero-dynamique-2016-_JM,2016,"5,000 Km"
http://mco-s1-p.mlstatic.com/593411-MCO20527535751_122015-Y.jpg?square=null, Renault Sandero Authentique Mt 1600cc 8v Aa,$ 30.990.000 ,http://articulo.tucarro.com.co/MCO-421510971-renault-sandero-expression-_JM,2016,0 Km
http://mco-s1-p.mlstatic.com/260511-MCO20559690908_012016-Y.jpg?square=null, Renault Sandero Gt Line Mt 1600cc 16v Fe,$ 28.700.000 ,http://articulo.tucarro.com.co/MCO-419709244-renault-sandero-gt-line-16-mt-_JM,2013,"32,000 Km"
http://mla-s2-p.mlstatic.com/373311-MLA20547334714_012016-Y.jpg?square=null, Renault Sandero Authentique Mt 1600cc 8v Aa,$ 34.190.000 ,http://articulo.tucarro.com.co/MCO-418307156-renault-sandero-2017-authentique-mt-1600cc-8v-aa-_JM,2017,0 Km
http://mla-s1-p.mlstatic.com/254911-MLA20668425267_042016-Y.jpg?square=null, Renault Sandero Dynamique Mt 1600cc 8v Fe,$ 23.500.000 ,http://articulo.tucarro.com.co/MCO-421786582-renault-sandero-2012-dynamique-mt-1600cc-8v-fe-_JM,2012,"60,770 Km"
http://mco-s1-p.mlstatic.com/363911-MCO20671515458_042016-Y.jpg?square=null," Renault Sandero Dinamic,1600, Full Equipo, 2009",$ 19.500.000 ,http://articulo.tucarro.com.co/MCO-421967720-renault-sandero-dinamic1600-full-equipo-2009-_JM,2009,"85,035 Km"
http://mco-s1-p.mlstatic.com/458911-MCO20669786428_042016-Y.jpg?square=null, Renault Sandero Gt Line Mt 1600cc 16v,$ 22.000.000 ,http://articulo.tucarro.com.co/MCO-421934410-renault-sandero-gt-line-mt-1600cc-16v-_JM,2011,"78,000 Km"
http://mco-s2-p.mlstatic.com/857911-MCO20666532463_042016-Y.jpg?square=null, Renault Sandero Dynamique Mt 1600cc 8v Aa,$ 32.000.000 ,http://articulo.tucarro.com.co/MCO-421810967-renault-sandero-dynamique-mt-1600cc-8v-aa-_JM,2016,"9,000 Km"
http://mco-s1-p.mlstatic.com/101911-MCO20664657819_042016-Y.jpg?square=null, Renault Sandero Gt Line Mt 1600cc 16v,$ 32.000.000 ,http://articulo.tucarro.com.co/MCO-421771444-renault-sandero-gt-line-mt-1600cc-16v-_JM,2015,"30,000 Km"
http://mco-s1-p.mlstatic.com/769811-MCO20662508410_042016-Y.jpg?square=null, Renault Sandero Expression Mt 1600cc 8v Aa,$ 28.600.000 ,http://articulo.tucarro.com.co/MCO-421723836-renault-sandero-expression-mt-1600cc-8v-aa-_JM,2015,"13,000 Km"
http://mco-s2-p.mlstatic.com/429811-MCO20668322176_042016-Y.jpg?square=null, Renault Sandero Gt Line Mt 1600cc 16v Fe,$ 26.100.000 ,http://articulo.tucarro.com.co/MCO-421880236-renault-sandero-gt-line-mt-1600cc-16v-fe-_JM,2012,"83,000 Km"
http://mco-s1-p.mlstatic.com/794911-MCO20669953880_042016-Y.jpg?square=null, Renault Sandero 2011,$ 21.500.000 ,http://articulo.tucarro.com.co/MCO-421938541-renault-sandero-2011-_JM,2011,"53,000 Km"
http://mla-s2-p.mlstatic.com/177811-MLA20652501395_032016-Y.jpg?square=null, Renault Sandero Dynamique Mt 1600cc 8v Aa,$ 21.000.000 ,http://articulo.tucarro.com.co/MCO-421205688-renault-sandero-dynamique-1600cc-8v-blanco-2011-_JM,2011,"83,000 Km"
http://mla-s1-p.mlstatic.com/832911-MLA20667334395_042016-Y.jpg?square=null, Renault Sandero Expression Mt 1600cc 8v Aa,$ 27.700.000 ,http://articulo.tucarro.com.co/MCO-420934774-renault-sandero-2015-expression-mt-1600cc-8v-aa-_JM,2015,"27,950 Km"
http://mco-s1-p.mlstatic.com/728111-MCO20494066912_112015-Y.jpg?square=null, Renault Sandero 2014,$ 24.500.000 ,http://articulo.tucarro.com.co/MCO-421517376-renault-sandero-2014-_JM,2014,"30,000 Km"
http://mco-s2-p.mlstatic.com/588911-MCO20658715645_042016-Y.jpg?square=null, Renault Sandero Gt Line Mt 1600cc 16v,$ 30.000.000 ,http://articulo.tucarro.com.co/MCO-421644486-renault-sandero-gt-line-mt-1600cc-16v-_JM,2014,"27,900 Km"
http://mco-s2-p.mlstatic.com/682911-MCO20652560451_032016-Y.jpg?square=null, Renault Sandero,$ 26.000.000 ,http://articulo.tucarro.com.co/MCO-421511234-renault-sandero-_JM,2014,"47,800 Km"
http://mco-s1-p.mlstatic.com/630911-MCO20651675230_032016-Y.jpg?square=null, Renault Sandero Authentique Mt 1600cc 8v Aa,$ 32.000.000 ,http://articulo.tucarro.com.co/MCO-421497836-renault-sandero-authentique-mt-1600cc-8v-aa-_JM,2016,"2,952 Km"
http://mco-s2-p.mlstatic.com/944811-MCO20640457370_032016-Y.jpg?square=null, Renault Sandero Expression Mt 1600cc 8v Aa,$ 27.500.000 ,http://articulo.tucarro.com.co/MCO-421323659-renault-sandero-expression-mt-1600cc-8v-aa-_JM,2015,"45,000 Km"
http://mco-s2-p.mlstatic.com/565711-MCO20617201151_032016-Y.jpg?square=null, Renault Sandero Dynamique Mt 1600cc 8v Aa,$ 23.000.000 ,http://articulo.tucarro.com.co/MCO-420800905-renault-sandero-dynamique-mt-1600cc-8v-aa-_JM,2012,"51,000 Km"
http://mco-s2-p.mlstatic.com/552911-MCO20667096382_042016-Y.jpg?square=null, Renault Sandero Gt Line Mt 1600cc 16v,$ 28.900.000 ,http://articulo.tucarro.com.co/MCO-421683907-renault-sandero-gt-line-mt-1600cc-16v-_JM,2015,"9,500 Km"
http://mco-s2-p.mlstatic.com/563911-MCO20659759990_042016-Y.jpg?square=null, Renault Sandero Dynamique Mt 1600cc 8v Fe,$ 21.000.000 ,http://articulo.tucarro.com.co/MCO-421670116-renault-sandero-dynamique-fe-2009-21000000-_JM,2009,"93,000 Km"
http://mco-s2-p.mlstatic.com/351811-MCO20642386326_032016-Y.jpg?square=null, Renault Sandero Dynamique Mt 1600cc 8v Fe,$ 21.000.000 ,http://articulo.tucarro.com.co/MCO-421340437-renault-sandero-2010-dynamique-mt-1600cc-8v-fe-_JM,2010,"98,000 Km"
http://mco-s1-p.mlstatic.com/568811-MCO20652928645_032016-Y.jpg?square=null, Renault Sandero Gt Mt 1600cc 8v Fe,$ 23.600.000 ,http://articulo.tucarro.com.co/MCO-421515905-renault-sandero-gt-mt-1600cc-8v-fe-_JM,2010,"33,400 Km"
http://mco-s2-p.mlstatic.com/336811-MCO20642106357_032016-Y.jpg?square=null, Renault Sandero,$ 22.500.000 ,http://articulo.tucarro.com.co/MCO-421359458-renault-sandero-_JM,2013,"70,000 Km"
http://mco-s1-p.mlstatic.com/419811-MCO20657507974_042016-Y.jpg?square=null, Renault Sandero,$ 32.500.000 ,http://articulo.tucarro.com.co/MCO-421623415-renault-sandero-_JM,2015,"20,000 Km"
http://mco-s1-p.mlstatic.com/671611-MCO20595701148_022016-Y.jpg?square=null, Renault Sandero Expression Mt 1600cc 8v Aa,$ 30.600.000 ,http://articulo.tucarro.com.co/MCO-420378163-renault-sandero-expression-mt-1600cc-8v-aa-_JM,2016,"10,500 Km"
http://mco-s2-p.mlstatic.com/975811-MCO20628391690_032016-Y.jpg?square=null, Renault Sandero Authentique Mt 1600cc 8v Aa,$ 28.800.000 ,http://articulo.tucarro.com.co/MCO-421030651-renault-sandero-authentique-mt-1600cc-8v-aa-_JM,2015,"25,000 Km"
http://mco-s1-p.mlstatic.com/739611-MCO20614342322_032016-Y.jpg?square=null, Renault Sandero,$ 24.000.000 ,http://articulo.tucarro.com.co/MCO-420760911-renault-sandero-_JM,2013,"55,000 Km"
http://mco-s2-p.mlstatic.com/136811-MCO20640760890_032016-Y.jpg?square=null, Renault Sandero Gt Line Mt 1600cc 16v Fe,$ 25.000.000 ,http://articulo.tucarro.com.co/MCO-421331430-renault-sandero-gt-line-mt-1600cc-16v-fe-_JM,2012,"64,700 Km"
http://mco-s2-p.mlstatic.com/778611-MCO20609522324_022016-Y.jpg?square=null, Renault Sandero Authentique Mt 1600cc 8v Aa,$ 24.000.000 ,http://articulo.tucarro.com.co/MCO-420700729-renault-sandero-_JM,2013,"41,000 Km"
http://mco-s1-p.mlstatic.com/535811-MCO20646571413_032016-Y.jpg?square=null, Renault Sandero,$ 26.300.000 ,http://articulo.tucarro.com.co/MCO-421416796-renault-sandero-_JM,2015,"16,600 Km"
http://mco-s2-p.mlstatic.com/976911-MCO20663840026_042016-Y.jpg?square=null, Renault Sandero 2016,$ 34.900.000 ,http://articulo.tucarro.com.co/MCO-421749864-renault-sandero-2016-_JM,2016,"1,500 Km"
http://mco-s1-p.mlstatic.com/599811-MCO20664006596_042016-Y.jpg?square=null, Renault Sandero Expression Mt 1600cc 8v Aa,$ 20.500.000 ,http://articulo.tucarro.com.co/MCO-421754197-renault-sandero-2009-impecable-_JM,2009,"98,000 Km"
http://mco-s2-p.mlstatic.com/949911-MCO20670045779_042016-Y.jpg?square=null, Renault Sandero Gt,$ 28.900.000 ,http://articulo.tucarro.com.co/MCO-421941825-renault-sandero-gt-_JM,2013,"38,000 Km"
http://mla-s1-p.mlstatic.com/777911-MLA20670501768_042016-Y.jpg?square=null, Renault Sandero Dynamique Mt 1600cc 8v Aa,$ 25.500.000 ,http://articulo.tucarro.com.co/MCO-421956441-renault-sandero-dynamique-1600cc-mecanico-2011-_JM,2011,"48,932 Km"
http://mco-s1-p.mlstatic.com/603911-MCO20664096913_042016-Y.jpg?square=null, Renault Sandero Expression Mt 1600cc 8v Aa,$ 21.000.000 ,http://articulo.tucarro.com.co/MCO-421756034-renault-sandero-expression-2010-_JM,2010,"68,000 Km"
http://mco-s1-p.mlstatic.com/302111-MCO20490180166_112015-Y.jpg?square=null, Renault Sandero Dynamique At 1600cc 16v Aa,$ 44.490.000 ,http://articulo.tucarro.com.co/MCO-421895930-renault-sandero-2016-dynamique-at-1600cc-16v-aa-_JM,2016,0 Km
http://mco-s2-p.mlstatic.com/732911-MCO20667158156_042016-Y.jpg?square=null, Renault Sandero Expression Mt 1600cc 8v Aa,$ 21.000.000 ,http://articulo.tucarro.com.co/MCO-421822793-renault-sandero-expression-16cc-_JM,2010,"73,000 Km"
http://mla-s2-p.mlstatic.com/395911-MLA20663242897_042016-Y.jpg?square=null, Renault Sandero 1.6 5p Automatico,$ 39.900.000 ,http://articulo.tucarro.com.co/MCO-421971567-renault-sandero-16-5p-automatico-_JM,2016,"4,918 Km"
http://mco-s2-p.mlstatic.com/755911-MCO20668763715_042016-Y.jpg?square=null, Renault Sandero Dynamique At 1600cc 16v Aa,$ 28.300.000 ,http://articulo.tucarro.com.co/MCO-421885063-renault-sandero-dynamique-at-16v-_JM,2012,"47,000 Km"
http://mco-s2-p.mlstatic.com/450911-MCO20671806351_042016-Y.jpg?square=null, Renault Sandero Dynamique Mt 1600cc 8v Aa,$ 32.500.000 ,http://articulo.tucarro.com.co/MCO-421972986-sandero-dynamique-full-equipo-16-_JM,2016,"11,000 Km"
http://mco-s2-p.mlstatic.com/928911-MCO20670347257_042016-Y.jpg?square=null, Renault Sandero,$ 22.800.000 ,http://articulo.tucarro.com.co/MCO-421905137-renault-sandero-_JM,2014,"33,000 Km"
http://mco-s2-p.mlstatic.com/666911-MCO20671615216_042016-Y.jpg?square=null, Renault Sandero Authentique Mt 1600cc 8v Sa,$ 24.700.000 ,http://articulo.tucarro.com.co/MCO-421969460-renault-sandero-authentique-_JM,2015,"18,189 Km"
http://mco-s2-p.mlstatic.com/993911-MCO20671032497_042016-Y.jpg?square=null, Renault Sandero Dynamique 2015,$ 32.900.000 ,http://articulo.tucarro.com.co/MCO-421964602-renault-sandero-dynamique-2015-_JM,2015,"7,695 Km"
http://mco-s2-p.mlstatic.com/362911-MCO20670525176_042016-Y.jpg?square=null, Renault Sandero Gt Line Mt 1600cc 16v Fe,$ 25.800.000 ,http://articulo.tucarro.com.co/MCO-421957045-renault-sandero-gt-line-_JM,2012,"44,000 Km"
http://mla-s1-p.mlstatic.com/160911-MLA20663275427_042016-Y.jpg?square=null, Renault Sandero Authentique Mt 1600cc 8v Aa,$ 35.190.000 ,http://articulo.tucarro.com.co/MCO-421823177-renault-sandero-authentique-mt-1600-2017-_JM,2017,0 Km
http://mco-s2-p.mlstatic.com/411911-MCO20671644360_042016-Y.jpg?square=null, Sandero Dynamique,$ 37.500.000 ,http://articulo.tucarro.com.co/MCO-421971191-sandero-dynamique-_JM,2016,210 Km
http://mco-s1-p.mlstatic.com/293911-MCO20662614410_042016-Y.jpg?square=null, Renault Sandero Expression Mt 1600cc 8v Aa,$ 26.900.000 ,http://articulo.tucarro.com.co/MCO-421725160-renault-sandero-expression-16-mecanico-_JM,2013,"38,000 Km"
http://mco-s1-p.mlstatic.com/630811-MCO20649139195_032016-Y.jpg?square=null, Renault Sandero Dynamique Mt 1600cc 8v Fe,$ 21.900.000 ,http://articulo.tucarro.com.co/MCO-421888667-renault-sandero-dynamique-1600cc-mt-fe-5p-_JM,2010,"44,761 Km"
http://mla-s1-p.mlstatic.com/153911-MLA20662532282_042016-Y.jpg?square=null, Renault Sandero Gt Line Mt 1600cc 16v Fe,$ 32.600.000 ,http://articulo.tucarro.com.co/MCO-421968788-renault-sandero-gt-line-re-full-_JM,2016,"15,000 Km"
http://mco-s1-p.mlstatic.com/696911-MCO20668437141_042016-Y.jpg?square=null, Renault Sandero Gt Line Mt 1600cc 16v,$ 30.900.000 ,http://articulo.tucarro.com.co/MCO-421884359-renault-sandero-gt-line-1600cc-mecanico-2013-_JM,2013,"19,382 Km"
http://mco-s1-p.mlstatic.com/119911-MCO20663598540_042016-Y.jpg?square=null, Renault Sandero Authentique Mt 1600cc 8v Aa,$ 23.500.000 ,http://articulo.tucarro.com.co/MCO-421744621-renault-sandero-cc1600-mec-_JM,2012,"72,000 Km"
http://mco-s2-p.mlstatic.com/354911-MCO20667071282_042016-Y.jpg?square=null, Renault Sandero Expression Mt 1600cc 8v Aa,$ 22.700.000 ,http://articulo.tucarro.com.co/MCO-421821348-renault-sandero-16-expression-_JM,2012,"57,800 Km"
http://mco-s2-p.mlstatic.com/226911-MCO20664074396_042016-Y.jpg?square=null, Renault Sandero Expression Mt 1600cc 8v Aa,$ 21.900.000 ,http://articulo.tucarro.com.co/MCO-421755731-renault-sandero-expression-mt-16-aa-_JM,2011,"39,000 Km"
http://mco-s1-p.mlstatic.com/110811-MCO20629614739_032016-Y.jpg?square=null, Renault Sandero Dynamique Mt 1600cc 8v Aa,$ 42.190.000 ,http://articulo.tucarro.com.co/MCO-421823129-renault-sandero-dynamique-mt-1600-2017-_JM,2017,0 Km
http://mco-s2-p.mlstatic.com/844211-MCO20507665639_122015-Y.jpg?square=null, Renault Sandero Gt Line Mt 1600cc 16v Fe,$ 35.400.000 ,http://articulo.tucarro.com.co/MCO-421888206-renault-sandero-gt-line-dynamique-1600cc-mt-fe-5p-_JM,2015,"12,287 Km"
http://mla-s2-p.mlstatic.com/303611-MLA20588565284_022016-Y.jpg?square=null, Renault Sandero Authentique Mt 1600cc 8v Sa,$ 20.300.000 ,http://articulo.tucarro.com.co/MCO-420252438-renault-sandero-authentique-sa-motor-16-negro-_JM,2012,"40,000 Km"
http://mco-s1-p.mlstatic.com/538911-MCO20654029424_042016-Y.jpg?square=null, Renault Sandero Authentique Mt 1600cc 8v Aa,$ 22.800.000 ,http://articulo.tucarro.com.co/MCO-421534875-sandero-autentique-mt-expression-1600-8v-sa-_JM,2013,"69,000 Km"
http://mco-s2-p.mlstatic.com/819511-MCO20581502653_022016-Y.jpg?square=null, Renault Sandero Dynamique Mt 1600cc 8v Aa,$ 39.690.000 ,http://articulo.tucarro.com.co/MCO-420140390-renault-sandero-dynamique-mt-1600-_JM,2017,0 Km
http://mla-s2-p.mlstatic.com/489811-MLA20661839187_042016-Y.jpg?square=null, Renault Sandero Authentique Mt 1600cc 8v Sa,$ 29.490.000 ,http://articulo.tucarro.com.co/MCO-421688840-renault-sandero-autentique-sin-aire-acondicionado-_JM,2016,0 Km
http://mco-s2-p.mlstatic.com/566511-MCO20584174569_022016-Y.jpg?square=null, Renault Sandero Expression Mt 1600cc 8v Aa,$ 36.190.000 ,http://articulo.tucarro.com.co/MCO-420196574-renault-sandero-expression-mt-1600-_JM,2017,0 Km
http://mco-s1-p.mlstatic.com/826411-MCO20550178177_012016-Y.jpg?square=null, Renault Sandero Dynamique At 1600cc 16v Aa,$ 27.900.000 ,http://articulo.tucarro.com.co/MCO-419493896-renault-sandero-2012-dynamique-at-1600cc-16v-aa-_JM,2012,"37,000 Km"
http://mco-s1-p.mlstatic.com/255911-MCO20659826505_042016-Y.jpg?square=null, Renault Sandero 2010 Expresión,$ 20.800.000 ,http://articulo.tucarro.com.co/MCO-421671048-renault-sandero-2010-expresion-_JM,2010,"105,000 Km"
http://mco-s2-p.mlstatic.com/919311-MCO20527526660_122015-Y.jpg?square=null, Renault Sandero Expression Mt 1600cc 8v Aa,$ 34.990.000 ,http://articulo.tucarro.com.co/MCO-421510965-renault-sandero-expression-_JM,2016,0 Km
http://mco-s2-p.mlstatic.com/811411-MCO20527576746_122015-Y.jpg?square=null, Renault Sandero Dynamique Mt 1600cc 8v Fe,$ 39.490.000 ,http://articulo.tucarro.com.co/MCO-421510958-renault-sandero-dynamique-_JM,2016,0 Km
http://mco-s1-p.mlstatic.com/467311-MCO20527492498_122015-Y.jpg?square=null, Renault Sandero At,$ 43.990.000 ,http://articulo.tucarro.com.co/MCO-421510959-renault-sandero-at-_JM,2016,0 Km
http://mco-s2-p.mlstatic.com/305911-MCO20660491397_042016-Y.jpg?square=null, Renault Sandero Dynamique Mt 1600cc 8v Aa,$ 20.000.000 ,http://articulo.tucarro.com.co/MCO-421682608-sandero-dinamique-_JM,2009,"132,000 Km"
http://mco-s2-p.mlstatic.com/474411-MCO20573044954_022016-Y.jpg?square=null, Renault Sandero Gt Mt 1600cc 8v Fe,$ 21.800.000 ,http://articulo.tucarro.com.co/MCO-421486171-renault-sandero-2010-gt-mt-1600cc-8v-fe-_JM,2010,"105,000 Km"
http://mco-s2-p.mlstatic.com/248511-MCO20594994636_022016-Y.jpg?square=null, Renault Sandero Dynamique Mt 1600cc 8v Aa,$ 30.500.000 ,http://articulo.tucarro.com.co/MCO-420363157-renault-sandero-2015-dynamique-mt-1600cc-8v-aa-_JM,2015,"35,000 Km"
http://mla-s1-p.mlstatic.com/803811-MLA20649319898_032016-Y.jpg?square=null, Renault Sandero Expression Mt 1600cc 8v Aa,$ 32.900.000 ,http://articulo.tucarro.com.co/MCO-421465987-renault-sandero-1600cc-expression-mecanico-2015-_JM,2015,"11,015 Km"
http://mco-s1-p.mlstatic.com/797711-MCO20626563926_032016-Y.jpg?square=null, Renault Sandero Dynamique At 1600cc 16v Aa,$ 36.900.000 ,http://articulo.tucarro.com.co/MCO-420980099-renault-sandero-automatico-_JM,2015,"10,000 Km"
http://mco-s2-p.mlstatic.com/193911-MCO20661016210_042016-Y.jpg?square=null, Renault Sandero 5p 1600cc,$ 19.500.000 ,http://articulo.tucarro.com.co/MCO-421691186-renault-sandero-5p-1600cc-_JM,2009,"145,421 Km"
http://mco-s2-p.mlstatic.com/161911-MCO20659009103_042016-Y.jpg?square=null, Renault Sandero Dynamique Mt 1600cc 8v Fe,$ 25.000.000 ,http://articulo.tucarro.com.co/MCO-421656212-renault-sandero-2012-dynamique-mt-1600cc-8v-fe-_JM,2012,"49,000 Km"
http://mco-s1-p.mlstatic.com/270811-MCO20629952116_032016-Y.jpg?square=null, Renault Sandero 1600cc Secuencial 2012,$ 29.900.000 ,http://articulo.tucarro.com.co/MCO-421204887-renault-sandero-1600cc-secuencial-2012-_JM,2012,"51,253 Km"
http://mco-s2-p.mlstatic.com/852811-MCO20642104250_032016-Y.jpg?square=null, Renault Sandero Expression Mt 1600cc 8v Aa,$ 31.900.000 ,http://articulo.tucarro.com.co/MCO-421359448-renault-sandero-expression-1600cc-mecanico-2015-_JM,2015,"12,680 Km"
http://mla-s1-p.mlstatic.com/504911-MLA20662016191_042016-Y.jpg?square=null, Renault Sandero Authentique Mt 1600cc 8v Sa,$ 19.700.000 ,http://articulo.tucarro.com.co/MCO-421710461-renault-sandero-authentique-_JM,2012,"54,000 Km"
http://mco-s1-p.mlstatic.com/656911-MCO20653247554_032016-Y.jpg?square=null, Renault Sandero Dynamique Mt 1600cc 8v Fe,$ 28.900.000 ,http://articulo.tucarro.com.co/MCO-421522681-renault-sandero-dynamique-1600cc-mecanico-2013-_JM,2013,"40,858 Km"
http://mco-s2-p.mlstatic.com/758811-MCO20634633007_032016-Y.jpg?square=null, Renault Sandero Gt Line Mt 1600cc 16v,$ 35.900.000 ,http://articulo.tucarro.com.co/MCO-421205398-renault-sandero-gt-line-1600cc-mecanico-2016-_JM,2016,"10,089 Km"
http://mco-s1-p.mlstatic.com/437911-MCO20659503662_042016-Y.jpg?square=null, Renault Sandero Expression,$ 35.500.000 ,http://articulo.tucarro.com.co/MCO-421664513-renault-sandero-expression-_JM,2016,"1,300 Km"
http://mco-s2-p.mlstatic.com/615711-MCO20610493917_032016-Y.jpg?square=null, Renault Sandero,$ 19.000.000 ,http://articulo.tucarro.com.co/MCO-420718153-renault-sandero-_JM,2009,"124,000 Km"
http://mco-s2-p.mlstatic.com/756611-MCO20595852535_022016-Y.jpg?square=null, Renault Sandero Gt Mt 1600cc 8v Fe,$ 22.000.000 ,http://articulo.tucarro.com.co/MCO-420381347-renault-sandero-2010-_JM,2010,"85,000 Km"
http://mco-s2-p.mlstatic.com/482211-MCO20523150546_122015-Y.jpg?square=null, Renault Sandero Gt Line Mt 1600cc 16v,$ 21.500.000 ,http://articulo.tucarro.com.co/MCO-420439273-renault-sandero-gt-line-mt-1600cc-16v-_JM,2010,"73,000 Km"
http://mco-s1-p.mlstatic.com/808511-MCO20594806381_022016-Y.jpg?square=null, Renault Sandero Dynamique Mt 1600cc 8v Fe,$ 27.900.000 ,http://articulo.tucarro.com.co/MCO-420353936-renault-sandero-2015-_JM,2015,"37,000 Km"
http://mco-s2-p.mlstatic.com/899711-MCO20637346445_032016-Y.jpg?square=null, Renault Sandero Gt Line Mt 1600cc 16v,$ 30.500.000 ,http://articulo.tucarro.com.co/MCO-421259294-renault-sandero-gt-line-mt-1600cc-16v-_JM,2015,"29,000 Km"
http://mco-s2-p.mlstatic.com/875511-MCO20587393534_022016-Y.jpg?square=null, Renault Sandero Gt Line Mt 1600cc 16v Fe,$ 27.800.000 ,http://articulo.tucarro.com.co/MCO-420240581-renault-sandero-gt-line-mt-1600cc-16v-fe-_JM,2013,"26,462 Km"
http://mco-s2-p.mlstatic.com/160811-MCO20629509447_032016-Y.jpg?square=null, Renault Sandero Gt Mt 1600cc 8v Fe,$ 23.200.000 ,http://articulo.tucarro.com.co/MCO-421057279-renault-sandero-2010-_JM,2010,"56,852 Km"
http://mco-s2-p.mlstatic.com/226101-MCO20276342774_042015-Y.jpg?square=null, Renault Sandero Expression Mt 1600cc 8v Aa,$ 21.500.000 ,http://articulo.tucarro.com.co/MCO-421571439-renault-sandero-expression-mt-1600cc-8v-aa-_JM,2010,"70,000 Km"
http://mco-s2-p.mlstatic.com/742811-MCO20627470666_032016-Y.jpg?square=null, Renault Sandero Expression Mt 1600cc 8v Aa,$ 26.500.000 ,http://articulo.tucarro.com.co/MCO-421006574-renault-sandero-expression-mt-1600cc-8v-aa-_JM,2014,"18,810 Km"
http://mco-s2-p.mlstatic.com/661311-MCO20524276083_122015-Y.jpg?square=null, Renault Sandero Gt Line Mt 1600cc 16v Fe,$ 26.300.000 ,http://articulo.tucarro.com.co/MCO-420326190-renault-sandero-gt-line-mt-1600cc-16v-fe-_JM,2012,"21,500 Km"
http://mco-s1-p.mlstatic.com/290711-MCO20606880163_022016-Y.jpg?square=null, Renault Sandero Gt Mt 1600cc 8v Fe,$ 28.500.000 ,http://articulo.tucarro.com.co/MCO-420680432-renault-sandero-gt-mt-1600cc-8v-fe-_JM,2014,"30,000 Km"
http://mco-s1-p.mlstatic.com/431711-MCO20611939749_032016-Y.jpg?square=null, Renault Sandero Dynamique Mt 1600cc 8v Aa,$ 36.800.000 ,http://articulo.tucarro.com.co/MCO-420734490-renault-sandero-dynamique-mt-1600cc-8v-aa-_JM,2016,"8,900 Km"
http://mco-s1-p.mlstatic.com/391611-MCO20592810072_022016-Y.jpg?square=null, Renault Sandero Authentique Mt 1600cc 8v Sa,$ 22.200.000 ,http://articulo.tucarro.com.co/MCO-420322255-renault-sandero-authentique-mt-1600cc-8v-sa-_JM,2013,"57,000 Km"
http://mco-s1-p.mlstatic.com/540711-MCO20604802800_022016-Y.jpg?square=null, Renault Sandero Dynamique At 1600cc 16v Aa,$ 29.950.000 ,http://articulo.tucarro.com.co/MCO-420654246-renault-sandero-dynamique-at-1600cc-16v-aa-_JM,2014,"23,000 Km"
http://mco-s2-p.mlstatic.com/433611-MCO20593318800_022016-Y.jpg?square=null, Renault Sandero Gt Line Mt 1600cc 16v,$ 22.500.000 ,http://articulo.tucarro.com.co/MCO-420328221-renault-sandero-2011-_JM,2011,"98,000 Km"
http://mco-s2-p.mlstatic.com/876611-MCO20616415742_032016-Y.jpg?square=null, Renault Sandero Expression Mt 1600cc 8v Aa,$ 21.900.000 ,http://articulo.tucarro.com.co/MCO-420786245-renault-sandero-expression-mt-1600cc-8v-aa-_JM,2012,"59,000 Km"
http://mco-s2-p.mlstatic.com/931711-MCO20618491423_032016-Y.jpg?square=null, Renault Sandero Authentique Mt 1600cc 8v Sa,$ 22.500.000 ,http://articulo.tucarro.com.co/MCO-420822592-renault-sandero-authentique-mt-1600cc-8v-sa-_JM,2013,"22,000 Km"
http://mco-s2-p.mlstatic.com/634311-MCO20531312167_122015-Y.jpg?square=null, Renault Sandero,$ 26.900.000 ,http://articulo.tucarro.com.co/MCO-420671004-renault-sandero-_JM,2015,"9,000 Km"
http://mco-s1-p.mlstatic.com/170611-MCO20595653531_022016-Y.jpg?square=null, Renault Sandero Dynamique Mt 1600cc 8v Aa,$ 24.300.000 ,http://articulo.tucarro.com.co/MCO-420377338-renault-sandero-_JM,2013,"30,060 Km"
http://mco-s1-p.mlstatic.com/422011-MCO20465095566_102015-Y.jpg?square=null, Renault Sandero Dynamique At 1600cc 16v Aa,$ 26.500.000 ,http://articulo.tucarro.com.co/MCO-420626023-renault-sandero-dynamique-at-1600cc-16v-aa-_JM,2012,"43,500 Km"
http://mco-s1-p.mlstatic.com/856901-MCO20432639171_092015-Y.jpg?square=null, Renault Sandero Authentique Mt 1600cc 8v Sa,$ 24.500.000 ,http://articulo.tucarro.com.co/MCO-421440952-renault-sandero-_JM,2014,"45,000 Km"
http://mco-s2-p.mlstatic.com/199511-MCO20589319796_022016-Y.jpg?square=null, Renault Sandero Gt Line Mt 1600cc 16v Fe,$ 25.000.000 ,http://articulo.tucarro.com.co/MCO-421400715-renault-sandero-2012-gt-line-mt-1600cc-16v-fe-_JM,2012,"42,000 Km"
http://mco-s1-p.mlstatic.com/488211-MCO20501282515_112015-Y.jpg?square=null, Renault Sandero Dynamique Mt 1600cc 8v Fe,$ 25.000.000 ,http://articulo.tucarro.com.co/MCO-421430638-renault-sandero-dynamique-2012-fe-_JM,2012,"43,000 Km"
http://mco-s1-p.mlstatic.com/882811-MCO20633298477_032016-Y.jpg?square=null, Renault Sandero,$ 19.000.000 ,http://articulo.tucarro.com.co/MCO-421181833-renault-sandero-_JM,2012,"40,000 Km"
http://mco-s1-p.mlstatic.com/278311-MCO20527934451_122015-Y.jpg?square=null, Renault Sandero Expressión,$ 34.990.000 ,http://articulo.tucarro.com.co/MCO-421903366-renault-sandero-expression-_JM,2016,0 Km
http://mco-s1-p.mlstatic.com/624311-MCO20527903608_122015-Y.jpg?square=null, Renault Sandero Dynamique Mt 1600cc 8v Fe,$ 39.490.000 ,http://articulo.tucarro.com.co/MCO-421903336-renault-sandero-dynamique-_JM,2016,0 Km
http://mco-s1-p.mlstatic.com/975911-MCO20670121070_042016-Y.jpg?square=null, Sandero Dynamique 2014,$ 28.500.000 ,http://articulo.tucarro.com.co/MCO-421943302-sandero-dynamique-2014-_JM,2014,"45,000 Km"
http://mco-s1-p.mlstatic.com/580411-MCO20527681575_122015-Y.jpg?square=null, Renault Sandero Authentique,$ 32.590.000 ,http://articulo.tucarro.com.co/MCO-421903467-renault-sandero-authentique-_JM,2016,0 Km
http://mco-s2-p.mlstatic.com/258311-MCO20537579473_012016-Y.jpg?square=null, Renault Sandero 2012 At 1600 Cc Aa Fe,$ 29.900.000 ,http://articulo.tucarro.com.co/MCO-421953464-renault-sandero-2012-at-1600-cc-aa-fe-_JM,2012,"31,727 Km"
http://mco-s2-p.mlstatic.com/348311-MCO20527930311_122015-Y.jpg?square=null, Renault Sandero Authentique Mt 1600cc 8v Aa,$ 28.990.000 ,http://articulo.tucarro.com.co/MCO-421903375-renault-sandero-authentique-_JM,2016,0 Km
http://mco-s1-p.mlstatic.com/921411-MCO20541688270_012016-Y.jpg?square=null, Renault Sandero Dynamique At 1600cc 16v Aa,$ 32.500.000 ,http://articulo.tucarro.com.co/MCO-421503543-renault-sandero-dynamique-at-1600cc-16v-aa-_JM,2015,"20,000 Km"
http://mla-s2-p.mlstatic.com/429611-MLA20621378069_032016-Y.jpg?square=null, Renault Sandero Automatico Secuencial,$ 44.990.000 ,http://articulo.tucarro.com.co/MCO-420841980-renault-sandero-automatico-secuencial-_JM,2017,0 Km
http://mco-s2-p.mlstatic.com/355311-MCO20527689802_122015-Y.jpg?square=null, Renault Sandero At,$ 43.990.000 ,http://articulo.tucarro.com.co/MCO-421511102-renault-sandero-at-_JM,2016,0 Km
http://mla-s2-p.mlstatic.com/687911-MLA20654751609_042016-Y.jpg?square=null, Renault Sandero Dynamique At 1600cc 16v Aa,$ 27.300.000 ,http://articulo.tucarro.com.co/MCO-421541186-renault-sandero-2012-dynamique-at-1600cc-16v-aa-_JM,2012,"80,000 Km"
http://mla-s1-p.mlstatic.com/867311-MLA20547332300_012016-Y.jpg?square=null, Renault Sandero Dynamique At 1600cc 16v,$ 42.990.000 ,http://articulo.tucarro.com.co/MCO-418307593-renault-sandero-2016-dynamique-at-1600cc-16v-_JM,2016,0 Km
http://mco-s1-p.mlstatic.com/926111-MCO20497214794_112015-Y.jpg?square=null, Renault Sandero Authentique Mt 1600cc 8v Sa,$ 29.490.000 ,http://articulo.tucarro.com.co/MCO-418494199-renault-sandero-2017-authentique-mt-1600cc-8v-sa-_JM,2016,0 Km
http://mco-s2-p.mlstatic.com/209911-MCO20663390123_042016-Y.jpg?square=null, Renault Sandero,$ 26.000.000 ,http://articulo.tucarro.com.co/MCO-421738788-renault-sandero-_JM,2011,"60,000 Km"
http://mco-s1-p.mlstatic.com/599811-MCO20670199116_042016-Y.jpg?square=null, Renault Sandero Expression Mt 1600cc 8v Aa,$ 23.300.000 ,http://articulo.tucarro.com.co/MCO-421952651-renault-sandero-expression-mt-1600cc-8v-aa-_JM,2012,"56,700 Km"
http://mco-s2-p.mlstatic.com/211911-MCO20664619957_042016-Y.jpg?square=null, Renault Sandero Gt Line Mt 1600cc 16v,$ 34.000.000 ,http://articulo.tucarro.com.co/MCO-421765264-renault-sandero-gt-line-mt-1600cc-16v-_JM,2015,"28,000 Km"
http://mco-s2-p.mlstatic.com/565611-MCO20583524709_022016-Y.jpg?square=null, Renault Sandero Dynamique Mt 1600cc 8v Fe,$ 25.000.000 ,http://articulo.tucarro.com.co/MCO-421880113-renault-sandero-dynamique-mt-1600cc-8v-fe-_JM,2012,"56,186 Km"
http://mco-s2-p.mlstatic.com/935911-MCO20666815760_042016-Y.jpg?square=null, Renault Sandero Dynamique Mt 1600cc 8v Aa,$ 29.000.000 ,http://articulo.tucarro.com.co/MCO-421818541-renault-sandero-dynamique-mt-1600cc-8v-aa-_JM,2013,"20,000 Km"
http://mco-s2-p.mlstatic.com/534911-MCO20667020305_042016-Y.jpg?square=null, Renault Sandero Expression Mt 1600cc 8v Aa,$ 21.500.000 ,http://articulo.tucarro.com.co/MCO-421820755-renault-sandero-2010-_JM,2010,"51,000 Km"
http://mco-s1-p.mlstatic.com/609911-MCO20665896815_042016-Y.jpg?square=null, Renault Sandero Dynamique Mt 1600cc 8v Aa,$ 23.500.000 ,http://articulo.tucarro.com.co/MCO-421802847-renault-sandero-dynamique-mt-1600cc-8v-aa-_JM,2011,"29,000 Km"
http://mco-s2-p.mlstatic.com/216911-MCO20663905781_042016-Y.jpg?square=null, Renault Sandero,$ 28.500.000 ,http://articulo.tucarro.com.co/MCO-421751288-renault-sandero-_JM,2016,"10,700 Km"
http://mco-s1-p.mlstatic.com/290911-MCO20660898315_042016-Y.jpg?square=null, Chevrolet Tracker Ls Mt 1.8 / 2013,$ 46.000.000 ,http://articulo.tucarro.com.co/MCO-421935394-chevrolet-tracker-ls-mt-18-2013-_JM,2013,"40,000 Km"
http://mco-s2-p.mlstatic.com/733611-MCO20580666608_022016-Y.jpg?square=null, Renault Sandero Authentique Mt 1600cc 8v Aa,$ 21.500.000 ,http://articulo.tucarro.com.co/MCO-421906728-renault-sandero-authentique-mt-1600cc-8v-aa-_JM,2012,"56,000 Km"
http://mco-s2-p.mlstatic.com/826211-MCO20519396893_122015-Y.jpg?square=null, Renault Sandero,$ 25.700.000 ,http://articulo.tucarro.com.co/MCO-421902217-renault-sandero-_JM,2012,"26,500 Km"
http://mco-s1-p.mlstatic.com/460011-MCO20449748189_102015-Y.jpg?square=null, Renault Sandero Expression Mt 1600cc 8v Aa,$ 21.500.000 ,http://articulo.tucarro.com.co/MCO-421881365-renault-sandero-2011-_JM,2011,"50,000 Km"
http://mco-s1-p.mlstatic.com/119811-MCO20671786092_042016-Y.jpg?square=null, Renault Sandero Authentique Mt 1600cc 8v Aa,$ 22.000.000 ,http://articulo.tucarro.com.co/MCO-421972589-renault-sandero-authentique-mt-1600cc-8v-aa-_JM,2012,"46,000 Km"
http://mco-s1-p.mlstatic.com/381911-MCO20671772365_042016-Y.jpg?square=null, Renault Sandero Gt Mt 1600cc 8v Fe,$ 25.000.000 ,http://articulo.tucarro.com.co/MCO-421972411-renault-sandero-gt-mt-1600cc-8v-fe-_JM,2010,"59,500 Km"
http://mco-s1-p.mlstatic.com/390911-MCO20671462992_042016-Y.jpg?square=null, Renault Sandero Dynamique At 1600cc 16v Aa,$ 37.000.000 ,http://articulo.tucarro.com.co/MCO-421966838-renault-sandero-dynamique-at-1600cc-16v-aa-_JM,2016,"6,371 Km"
http://mco-s1-p.mlstatic.com/367911-MCO20670237007_042016-Y.jpg?square=null, Renault Sandero Expression Mt 1600cc 8v Aa,$ 25.500.000 ,http://articulo.tucarro.com.co/MCO-421954007-renault-sandero-expression-mt-1600cc-8v-aa-_JM,2014,"27,000 Km"
http://mco-s1-p.mlstatic.com/684911-MCO20666954640_042016-Y.jpg?square=null, Renault Sandero,$ 33.500.000 ,http://articulo.tucarro.com.co/MCO-421820144-renault-sandero-_JM,2016,"10,700 Km"
http://mco-s1-p.mlstatic.com/434911-MCO20664013525_042016-Y.jpg?square=null, Renault Sandero,$ 28.000.000 ,http://articulo.tucarro.com.co/MCO-421754350-renault-sandero-_JM,2014,"51,000 Km"
http://mco-s2-p.mlstatic.com/981911-MCO20665835839_042016-Y.jpg?square=null, Renault Sandero Expression Mt 1600cc 8v Aa,$ 24.500.000 ,http://articulo.tucarro.com.co/MCO-421802199-renault-sandero-expression-mt-1600cc-8v-aa-_JM,2012,"27,500 Km"
http://mco-s2-p.mlstatic.com/551611-MCO20583986608_022016-Y.jpg?square=null, Renault Sandero Expression Mt 1600cc 8v Aa,$ 34.000.000 ,http://articulo.tucarro.com.co/MCO-421952635-renault-sandero-_JM,2016,"3,500 Km"
http://mla-s1-p.mlstatic.com/674611-MLA20597926192_022016-Y.jpg?square=null, Renault Sandero Gt Line Mt 1600cc 16v Fe,$ 23.000.000 ,http://articulo.tucarro.com.co/MCO-420378309-renault-sandero-gt-line-2011-fe-_JM,2011,"57,865 Km"
http://mco-s1-p.mlstatic.com/307911-MCO20661812563_042016-Y.jpg?square=null, Renault Sandero Dynamique At 1600cc 16v Aa,$ 27.700.000 ,http://articulo.tucarro.com.co/MCO-421705628-renault-sandero-dynamique-at-1600cc-16v-aa-_JM,2012,"31,150 Km"
http://mco-s2-p.mlstatic.com/831911-MCO20661400024_042016-Y.jpg?square=null, Renault Sandero Expression Mt 1600cc 8v Aa,$ 31.200.000 ,http://articulo.tucarro.com.co/MCO-421673493-renault-sandero-2015-expression-mt-1600cc-8v-aa-_JM,2015,"8,555 Km"
http://mla-s1-p.mlstatic.com/489711-MLA20650809568_032016-Y.jpg?square=null, Renault Sandero 2017 Comet,$ 38.500.000 ,http://articulo.tucarro.com.co/MCO-421469171-renault-sandero-2017-comet-_JM,2016,1 Km
http://mco-s1-p.mlstatic.com/774911-MCO20658676903_042016-Y.jpg?square=null, Renault Sandero Gt Line Mt 1600cc 16v,$ 28.000.000 ,http://articulo.tucarro.com.co/MCO-421643914-renault-sandero-gt-line-mt-1600cc-16v-_JM,2012,"32,300 Km"
http://mco-s2-p.mlstatic.com/441511-MCO20559703311_012016-Y.jpg?square=null, Renault Sandero Dynamique At 1600cc 16v,$ 26.000.000 ,http://articulo.tucarro.com.co/MCO-421661034-renault-sandero-dynamique-at-1600cc-16v-_JM,2012,"53,000 Km"
http://mco-s2-p.mlstatic.com/157811-MCO20642543280_032016-Y.jpg?square=null, Renault Sandero Authentique Mt 1600cc 8v Sa,$ 24.000.000 ,http://articulo.tucarro.com.co/MCO-421366164-renault-sandero-authentique-mt-1600cc-8v-sa-_JM,2014,"33,000 Km"
http://mco-s1-p.mlstatic.com/709611-MCO20601478417_022016-Y.jpg?square=null, Renault Sandero 2011,$ 22.500.000 ,http://articulo.tucarro.com.co/MCO-420616915-renault-sandero-2011-_JM,2011,"95,000 Km"
http://mco-s2-p.mlstatic.com/845911-MCO20660696983_042016-Y.jpg?square=null, Renault Sandero Expression Mt 1600cc 8v Aa,$ 20.100.000 ,http://articulo.tucarro.com.co/MCO-421685923-renault-sandero-2010-_JM,2010,"83,700 Km"
http://mco-s1-p.mlstatic.com/703911-MCO20660366371_042016-Y.jpg?square=null, Renault Sandero Authentique Mt 1600cc 8v Aa,$ 22.000.000 ,http://articulo.tucarro.com.co/MCO-421680914-renault-sandero-authentique-mt-1600cc-8v-aa-_JM,2012,"61,000 Km"
http://mco-s2-p.mlstatic.com/582911-MCO20660674594_042016-Y.jpg?square=null, Renault Sandero,$ 19.000.000 ,http://articulo.tucarro.com.co/MCO-421685738-renault-sandero-_JM,2009,"97,251 Km"
http://mco-s1-p.mlstatic.com/749811-MCO20657659677_042016-Y.jpg?square=null, Renault Sandero,$ 21.500.000 ,http://articulo.tucarro.com.co/MCO-421626094-renault-sandero-_JM,2010,"77,000 Km"
http://mco-s1-p.mlstatic.com/236411-MCO20564101279_012016-Y.jpg?square=null, Renault Sandero,$ 22.000.000 ,http://articulo.tucarro.com.co/MCO-421511410-renault-sandero-_JM,2010,"90,000 Km"
http://mco-s2-p.mlstatic.com/418811-MCO20649364635_032016-Y.jpg?square=null, Renault Sandero Gt Line Mt 1600cc 16v Fe,$ 30.000.000 ,http://articulo.tucarro.com.co/MCO-421467773-renault-sandero-gt-line-mt-1600cc-16v-fe-_JM,2014,"23,000 Km"
http://mco-s1-p.mlstatic.com/834811-MCO20643033493_032016-Y.jpg?square=null, Renault Sandero,$ 34.000.000 ,http://articulo.tucarro.com.co/MCO-421371523-renault-sandero-_JM,2014,"16,670 Km"
http://mco-s1-p.mlstatic.com/786811-MCO20627322164_032016-Y.jpg?square=null, Renault Sandero Dynamique Mt 1600cc 8v Aa,$ 33.000.000 ,http://articulo.tucarro.com.co/MCO-421000514-renault-sandero-dynamique-mt-1600cc-8v-aa-_JM,2015,"7,000 Km"
http://mco-s1-p.mlstatic.com/586711-MCO20621221322_032016-Y.jpg?square=null, Renault Sandero Authentique Mt 1600cc 8v Sa,$ 26.500.000 ,http://articulo.tucarro.com.co/MCO-420860011-renault-sandero-authentique-mt-1600cc-8v-sa-_JM,2014,"28,000 Km"
http://mco-s1-p.mlstatic.com/732711-MCO20612121411_032016-Y.jpg?square=null, Renault Sandero Gt Mt 1600cc 8v Fe,$ 24.500.000 ,http://articulo.tucarro.com.co/MCO-420737603-renault-sandero-gt-mt-1600cc-8v-fe-_JM,2011,"68,000 Km"
http://mco-s1-p.mlstatic.com/578611-MCO20610638380_032016-Y.jpg?square=null, Renault Sandero Gt Line Mt 1600cc 16v,$ 32.000.000 ,http://articulo.tucarro.com.co/MCO-420720172-renault-sandero-2015-_JM,2015,"15,800 Km"
http://mco-s2-p.mlstatic.com/661311-MCO20524276083_122015-Y.jpg?square=null, Renault Sandero Gt Line Mt 1600cc 16v Fe,$ 27.500.000 ,http://articulo.tucarro.com.co/MCO-420326201-renault-sandero-gt-line-mt-1600cc-16v-fe-_JM,2012,"19,500 Km"
http://mco-s1-p.mlstatic.com/767611-MCO20609467541_022016-Y.jpg?square=null, Renault Sandero 2014,$ 28.000.000 ,http://articulo.tucarro.com.co/MCO-420698844-renault-sandero-2014-_JM,2014,"17,200 Km"
http://mco-s2-p.mlstatic.com/125611-MCO20600977059_022016-Y.jpg?square=null, Renault Sandero Authentique Mt 1600cc 8v Aa,$ 26.800.000 ,http://articulo.tucarro.com.co/MCO-420305248-sandero-authentique-_JM,2014,"27,000 Km"
http://mco-s1-p.mlstatic.com/601811-MCO20631419245_032016-Y.jpg?square=null, Renault Sandero Authentique Mt 1600cc 8v Sa,$ 32.000.000 ,http://articulo.tucarro.com.co/MCO-421123645-renault-sandero-authentique-mt-1600cc-8v-sa-_JM,2016,"10,230 Km"
http://mla-s2-p.mlstatic.com/294911-MLA20654672214_042016-Y.jpg?square=null, Renault Sandero Dynamique Mt 1600cc 8v Fe,$ 26.750.000 ,http://articulo.tucarro.com.co/MCO-421546608-renault-sandero-dynamique-1600-c-c-mecanico-2013-_JM,2013,"38,000 Km"
http://mco-s2-p.mlstatic.com/740811-MCO20630953293_032016-Y.jpg?square=null, Renault Sandero Expression Mt 1600cc 8v Aa,$ 22.500.000 ,http://articulo.tucarro.com.co/MCO-421100402-renault-sandero-2011-_JM,2011,"35,000 Km"
http://mco-s2-p.mlstatic.com/447811-MCO20628520212_032016-Y.jpg?square=null, Renault Sandero Expression Mt 1600cc 8v Aa,$ 29.000.000 ,http://articulo.tucarro.com.co/MCO-421032754-renault-sandero-2015-_JM,2015,"26,900 Km"
http://mco-s1-p.mlstatic.com/678611-MCO20622571321_032016-Y.jpg?square=null, Renault Sandero,$ 34.000.000 ,http://articulo.tucarro.com.co/MCO-420888089-renault-sandero-_JM,2015,"13,000 Km"
http://mco-s2-p.mlstatic.com/642811-MCO20645597958_032016-Y.jpg?square=null, Renault Sandero Dynamique Mt 1600cc 8v Fe,$ 28.000.000 ,http://articulo.tucarro.com.co/MCO-421403644-renault-sandero-dynamique-mt-1600cc-8v-fe-_JM,2014,"30,600 Km"
http://mco-s1-p.mlstatic.com/993611-MCO20596511856_022016-Y.jpg?square=null, Renault Sandero,$ 20.500.000 ,http://articulo.tucarro.com.co/MCO-420398043-renault-sandero-_JM,2010,"91,507 Km"
http://mco-s1-p.mlstatic.com/357511-MCO20595693023_022016-Y.jpg?square=null, Renault Sandero Dynamique Mt 1600cc 8v Aa,$ 20.500.000 ,http://articulo.tucarro.com.co/MCO-420378060-renault-sandero-dynamique-mt-1600cc-8v-aa-_JM,2011,"86,000 Km"
http://mco-s1-p.mlstatic.com/779711-MCO20627294607_032016-Y.jpg?square=null, Renault Sandero,$ 31.800.000 ,http://articulo.tucarro.com.co/MCO-420999829-renault-sandero-_JM,2014,"27,000 Km"
http://mco-s2-p.mlstatic.com/866711-MCO20610690486_032016-Y.jpg?square=null, Renault Sandero 2015,$ 30.500.000 ,http://articulo.tucarro.com.co/MCO-420720915-renault-sandero-2015-_JM,2015,"25,000 Km"
http://mco-s2-p.mlstatic.com/737711-MCO20621517596_032016-Y.jpg?square=null, Renault Sandero Dynamique Mt 1600cc 8v Aa,$ 21.500.000 ,http://articulo.tucarro.com.co/MCO-420872340-renault-sandero-dynamique-mt-1600cc-8v-aa-_JM,2011,"92,000 Km"
http://mco-s2-p.mlstatic.com/399311-MCO20528033408_122015-Y.jpg?square=null, Renault Sandero,$ 27.900.000 ,http://articulo.tucarro.com.co/MCO-420382222-renault-sandero-_JM,2012,"20,400 Km"
http://mco-s2-p.mlstatic.com/187411-MCO20556165712_012016-Y.jpg?square=null, Renault Sandero Dynamique At 1600cc 16v Aa,$ 34.000.000 ,http://articulo.tucarro.com.co/MCO-421356669-renault-sandero-dynamique-at-1600cc-16v-aa-_JM,2015,"15,000 Km"
http://mco-s1-p.mlstatic.com/195811-MCO20629796662_032016-Y.jpg?square=null, Renault Sandero Dynamique At 1600cc 16v,$ 37.500.000 ,http://articulo.tucarro.com.co/MCO-421061952-renault-sandero-2016-_JM,2016,"3,300 Km"
http://mco-s2-p.mlstatic.com/988311-MCO20526920513_122015-Y.jpg?square=null, Renault Sandero,$ 35.000.000 ,http://articulo.tucarro.com.co/MCO-420752140-renault-sandero-_JM,2014,"7,200 Km"
http://mco-s1-p.mlstatic.com/786711-MCO20614413123_032016-Y.jpg?square=null, Renault Sandero Expression Mt 1600cc 8v Aa,$ 25.400.000 ,http://articulo.tucarro.com.co/MCO-420762751-renault-sandero-expression-mt-1600cc-8v-aa-_JM,2014,"38,000 Km"
http://mco-s1-p.mlstatic.com/976611-MCO20618291457_032016-Y.jpg?square=null, Renault Sandero Authentique Mt 1600cc 8v Sa,$ 24.800.000 ,http://articulo.tucarro.com.co/MCO-420820414-renault-sandero-authentique-mt-1600cc-8v-sa-_JM,2012,"50,000 Km"
http://mco-s1-p.mlstatic.com/522711-MCO20610965147_032016-Y.jpg?square=null, Renault Sandero,$ 26.500.000 ,http://articulo.tucarro.com.co/MCO-420722952-renault-sandero-_JM,2015,"20,000 Km"
http://mco-s2-p.mlstatic.com/750911-MCO20657825927_042016-Y.jpg?square=null, Renault Sandero,$ 29.000.000 ,http://articulo.tucarro.com.co/MCO-421628628-renault-sandero-_JM,2014,"43,000 Km"
http://mco-s1-p.mlstatic.com/367811-MCO20649598499_032016-Y.jpg?square=null, Renault Sandero,$ 29.500.000 ,http://articulo.tucarro.com.co/MCO-421470365-renault-sandero-_JM,2013,"25,000 Km"
http://mco-s2-p.mlstatic.com/978811-MCO20647608485_032016-Y.jpg?square=null, Renault Sandero Dynamique At 1600cc 16v,$ 31.500.000 ,http://articulo.tucarro.com.co/MCO-421432743-renault-sandero-dynamique-at-1600cc-16v-_JM,2015,"24,400 Km"
http://mco-s2-p.mlstatic.com/712411-MCO20548839775_012016-Y.jpg?square=null, Renault Sandero Dynamique At 1600cc 16v,$ 23.000.000 ,http://articulo.tucarro.com.co/MCO-421157528-renault-sandero-dynamique-at-1600cc-16v-_JM,2011,"71,000 Km"
http://mco-s1-p.mlstatic.com/765711-MCO20609365492_022016-Y.jpg?square=null, Renault Sandero Gt Line Mt 1600cc 16v,$ 23.000.000 ,http://articulo.tucarro.com.co/MCO-420697750-renault-sandero-gt-line-mt-1600cc-16v-_JM,2011,"129,000 Km"
http://mco-s1-p.mlstatic.com/467711-MCO20606856579_022016-Y.jpg?square=null, Renault Sandero Dynamique Mt 1600cc 8v Aa,$ 24.000.000 ,http://articulo.tucarro.com.co/MCO-420680170-renault-sandero-dynamique-mt-1600cc-8v-aa-_JM,2011,"49,000 Km"
http://mco-s1-p.mlstatic.com/575611-MCO20599064416_022016-Y.jpg?square=null, Renault Sandero Expression Mt 1600cc 8v Aa,$ 30.890.000 ,http://articulo.tucarro.com.co/MCO-420443315-renault-sandero-expression-mt-1600cc-8v-aa-_JM,2016,"13,000 Km"
http://mco-s2-p.mlstatic.com/485511-MCO20597946252_022016-Y.jpg?square=null, Renault Sandero,$ 32.000.000 ,http://articulo.tucarro.com.co/MCO-420422388-renault-sandero-_JM,2014,"22,700 Km"
http://mco-s2-p.mlstatic.com/408511-MCO20588466268_022016-Y.jpg?square=null, Renault Sandero Gt Line Mt 1600cc 16v,$ 32.500.000 ,http://articulo.tucarro.com.co/MCO-420248002-renault-sandero-gt-line-mt-1600cc-16v-_JM,2016,"3,500 Km"
http://mco-s2-p.mlstatic.com/814811-MCO20633402413_032016-Y.jpg?square=null, Renault Sandero,$ 33.800.000 ,http://articulo.tucarro.com.co/MCO-421184101-renault-sandero-_JM,2015,"35,000 Km"
http://mco-s2-p.mlstatic.com/688611-MCO20605869733_022016-Y.jpg?square=null, Renault Sandero Dynamique Mt 1600cc 8v Aa,$ 32.000.000 ,http://articulo.tucarro.com.co/MCO-420667538-renault-sandero-dynamique-mt-1600cc-8v-aa-_JM,2015,"24,000 Km"
http://mco-s2-p.mlstatic.com/750911-MCO20659242548_042016-Y.jpg?square=null, Renault Sandero Dynamique Mt 1600cc 8v Aa,$ 20.800.000 ,http://articulo.tucarro.com.co/MCO-421659515-renault-sandero-dynamique-mt-1600cc-8v-aa-_JM,2009,"70,000 Km"
http://mco-s2-p.mlstatic.com/983811-MCO20627659135_032016-Y.jpg?square=null, Renault Sandero,$ 25.000.000 ,http://articulo.tucarro.com.co/MCO-421015348-renault-sandero-_JM,2014,"18,200 Km"
http://mco-s1-p.mlstatic.com/554811-MCO20642479030_032016-Y.jpg?square=null, Renault Sandero Authentique Mt 1600cc 8v Aa,$ 23.500.000 ,http://articulo.tucarro.com.co/MCO-421365489-renault-sandero-authentique-mt-1600cc-8v-aa-_JM,2013,"33,000 Km"
http://mco-s2-p.mlstatic.com/319811-MCO20655801639_042016-Y.jpg?square=null, Renault Sandero Authentique Mt 1600cc 8v Aa,$ 28.300.000 ,http://articulo.tucarro.com.co/MCO-421582992-renault-sandero-authentique-mt-1600cc-8v-aa-_JM,2015,"25,000 Km"
http://mco-s1-p.mlstatic.com/309611-MCO20621353520_032016-Y.jpg?square=null, Renault Sandero Gt Line Mt 1600cc 16v Fe,$ 22.000.000 ,http://articulo.tucarro.com.co/MCO-420861428-renault-sandero-gt-line-mt-1600cc-16v-fe-_JM,2010,"68,900 Km"
http://mco-s2-p.mlstatic.com/982711-MCO20621334450_032016-Y.jpg?square=null, Renault Sandero Expression Mt 1600cc 8v Aa,$ 26.000.000 ,http://articulo.tucarro.com.co/MCO-420861259-renault-sandero-expression-mt-1600cc-8v-aa-_JM,2014,"35,000 Km"
http://mco-s1-p.mlstatic.com/374711-MCO20619763399_032016-Y.jpg?square=null, Renault Sandero Gt Line Mt 1600cc 16v,$ 25.500.000 ,http://articulo.tucarro.com.co/MCO-420840228-renault-sandero-gt-line-mt-1600cc-16v-_JM,2012,"78,000 Km"
http://mco-s1-p.mlstatic.com/160611-MCO20594160197_022016-Y.jpg?square=null, Renault Sandero,$ 21.500.000 ,http://articulo.tucarro.com.co/MCO-420340972-renault-sandero-_JM,2010,"70,000 Km"
http://mco-s1-p.mlstatic.com/104811-MCO20649548502_032016-Y.jpg?square=null, Renault Sandero Dynamique Mt 1600cc 8v Aa,$ 25.000.000 ,http://articulo.tucarro.com.co/MCO-421469631-renault-sandero-dynamique-mt-1600cc-8v-aa-_JM,2012,"56,000 Km"
http://mco-s1-p.mlstatic.com/113511-MCO20558329205_012016-Y.jpg?square=null, Renault Sandero Gt Line Mt 1600cc 16v,$ 25.000.000 ,http://articulo.tucarro.com.co/MCO-421428784-renault-sandero-gt-line-mt-1600cc-16v-_JM,2012,"96,500 Km"
http://mco-s2-p.mlstatic.com/229711-MCO20646896926_032016-Y.jpg?square=null, Renault Sandero,$ 24.200.000 ,http://articulo.tucarro.com.co/MCO-421423294-renault-sandero-_JM,2011,"38,000 Km"
http://mco-s2-p.mlstatic.com/175911-MCO20659018967_042016-Y.jpg?square=null, Renault Sandero Dynamique Mt 1600cc 8v Aa,$ 20.000.000 ,http://articulo.tucarro.com.co/MCO-421656334-renault-sandero-_JM,2011,"170,000 Km"
http://mco-s2-p.mlstatic.com/352711-MCO20621378014_032016-Y.jpg?square=null, Renault Sandero Dynamique At 1600cc 16v Aa,$ 34.000.000 ,http://articulo.tucarro.com.co/MCO-420862988-renault-sandero-tweed-_JM,2015,"19,500 Km"
http://mco-s2-p.mlstatic.com/177711-MCO20620385813_032016-Y.jpg?square=null, Renault Sandero Expression Mt 1600cc 8v Aa,$ 29.500.000 ,http://articulo.tucarro.com.co/MCO-420850749-sandero-expression-full-_JM,2016,"16,000 Km"
http://mco-s2-p.mlstatic.com/255911-MCO20660129005_042016-Y.jpg?square=null, Renault Sandero Expression Mt 1600cc 8v Aa,$ 29.500.000 ,http://articulo.tucarro.com.co/MCO-421675057-renault-sandero-expression-mt-1600cc-8v-aa-_JM,2015,"20,000 Km"
http://mla-s1-p.mlstatic.com/732511-MLA20553212210_012016-Y.jpg?square=null, Renault Sandero Gt Line Mt 1600cc 16v,$ 23.400.000 ,http://articulo.tucarro.com.co/MCO-421220646-sandero-gt-line-16v-2011-negro-_JM,2011,"61,000 Km"
http://mco-s1-p.mlstatic.com/649611-MCO20623856407_032016-Y.jpg?square=null, Renault Sandero Expression Mt 1600cc 8v Aa,$ 24.000.000 ,http://articulo.tucarro.com.co/MCO-420934727-renault-sandero-expression-mt-1600-cc-2014-_JM,2014,"60,000 Km"
http://mco-s2-p.mlstatic.com/602111-MCO20480183707_112015-Y.jpg?square=null, Renault Sandero Expression Mt 1600cc 8v Aa,$ 28.000.000 ,http://articulo.tucarro.com.co/MCO-421461150-renault-sandero-expression-mt-1600cc-8v-aa-_JM,2015,"32,000 Km"
http://mco-s1-p.mlstatic.com/451411-MCO20547505287_012016-Y.jpg?square=null, Renault Sandero Gt Line Mt 1600cc 16v,$ 26.300.000 ,http://articulo.tucarro.com.co/MCO-421104387-renault-sandero-gt-line-mt-1600cc-16v-_JM,2012,"50,350 Km"
http://mco-s2-p.mlstatic.com/876711-MCO20621253322_032016-Y.jpg?square=null, Renault Sandero Gt Mt 1600cc 8v Fe,$ 23.300.000 ,http://articulo.tucarro.com.co/MCO-420860183-renault-sandero-gt-mt-1600cc-8v-fe-_JM,2011,"48,000 Km"
http://mco-s1-p.mlstatic.com/589611-MCO20601610828_022016-Y.jpg?square=null, Renault Sandero,$ 28.000.000 ,http://articulo.tucarro.com.co/MCO-420620006-renault-sandero-_JM,2014,"52,000 Km"
http://mco-s1-p.mlstatic.com/958911-MCO20660351601_042016-Y.jpg?square=null, Renault Sandero Gt Line Mt 1600cc 16v Fe,$ 20.400.000 ,http://articulo.tucarro.com.co/MCO-421680525-renault-sandero-gt-line-mt-1600cc-16v-fe-_JM,2011,"79,000 Km"
http://mco-s1-p.mlstatic.com/666811-MCO20648026203_032016-Y.jpg?square=null, Renault Sandero Gt Line Mt 1600cc 16v,$ 24.500.000 ,http://articulo.tucarro.com.co/MCO-421446213-renault-sandero-gt-line-mt-1600cc-16v-_JM,2012,"58,000 Km"
http://mco-s2-p.mlstatic.com/990611-MCO20596502947_022016-Y.jpg?square=null, Renault Sandero Gt Line Mt 1600cc 16v Fe,$ 30.600.000 ,http://articulo.tucarro.com.co/MCO-420397910-renault-sandero-gt-line-mt-1600cc-16v-fe-_JM,2015,"18,000 Km"
http://mco-s1-p.mlstatic.com/836511-MCO20599625318_022016-Y.jpg?square=null, Renault Sandero Dynamique Mt 1600cc 8v Aa,$ 25.500.000 ,http://articulo.tucarro.com.co/MCO-420468109-renault-sandero-dynamique-mt-1600cc-8v-aa-_JM,2014,"22,000 Km"
http://mco-s2-p.mlstatic.com/694711-MCO20616168338_032016-Y.jpg?square=null, Renault Sandero Dynamique Mt 1600cc 8v Aa,$ 26.500.000 ,http://articulo.tucarro.com.co/MCO-420784516-renault-sandero-dynamique-mt-1600cc-8v-aa-_JM,2014,"26,000 Km"
http://mco-s1-p.mlstatic.com/801611-MCO20593324855_022016-Y.jpg?square=null, Renault Sandero Expression Mt 1600cc 8v Aa,$ 25.200.000 ,http://articulo.tucarro.com.co/MCO-420328305-renault-sandero-expression-mt-1600cc-8v-aa-_JM,2013,"43,000 Km"
http://mco-s1-p.mlstatic.com/322511-MCO20553330790_012016-Y.jpg?square=null, Renault Sandero Authentique Mt 1600cc 8v Aa,$ 26.700.000 ,http://articulo.tucarro.com.co/MCO-421242083-renault-sandero-authentique-mt-1600cc-8v-aa-_JM,2016,"33,000 Km"
http://mco-s1-p.mlstatic.com/776711-MCO20611206126_032016-Y.jpg?square=null, Renault Sandero,$ 34.000.000 ,http://articulo.tucarro.com.co/MCO-420725955-renault-sandero-_JM,2015,"9,600 Km"
http://mco-s1-p.mlstatic.com/542711-MCO20614473747_032016-Y.jpg?square=null, Renault Sandero Dynamique At 1600cc 16v Aa,$ 28.700.000 ,http://articulo.tucarro.com.co/MCO-420763114-renault-sandero-dynamique-at-1600cc-16v-aa-_JM,2013,"41,300 Km"
http://mco-s2-p.mlstatic.com/387611-MCO20614333093_032016-Y.jpg?square=null, Renault Sandero Gt Line Mt 1600cc 16v Fe,$ 31.900.000 ,http://articulo.tucarro.com.co/MCO-420760778-renault-sandero-gt-line-mt-1600cc-16v-fe-_JM,2015,"7,800 Km"
http://mco-s1-p.mlstatic.com/576711-MCO20606861272_022016-Y.jpg?square=null, Renault Sandero Expression Mt 1600cc 8v Aa,$ 21.800.000 ,http://articulo.tucarro.com.co/MCO-420680199-renault-sandero-2012-_JM,2012,"59,000 Km"
http://mco-s1-p.mlstatic.com/142811-MCO20645865953_032016-Y.jpg?square=null, Renault Sandero Expression Mt 1600cc 8v Aa,$ 18.900.000 ,http://articulo.tucarro.com.co/MCO-421408733-renault-sandero-expression-mt-1600cc-8v-aa-_JM,2009,"65,000 Km"
http://mco-s2-p.mlstatic.com/690611-MCO20589836262_022016-Y.jpg?square=null, Renault Sandero,$ 20.400.000 ,http://articulo.tucarro.com.co/MCO-420274355-renault-sandero-_JM,2011,"55,000 Km"
http://mco-s2-p.mlstatic.com/755211-MCO20506832740_122015-Y.jpg?square=null, Renault Sandero Gt Line Mt 1600cc 16v Fe,$ 21.000.000 ,http://articulo.tucarro.com.co/MCO-420425596-renault-sandero-16-gt-mecanico-aire-aconidicionado-_JM,2010,"100,000 Km"
http://mco-s1-p.mlstatic.com/138911-MCO20670589948_042016-Y.jpg?square=null, Renault Sandero Dynamique Mt 1600cc 8v Aa,$ 26.500.000 ,http://articulo.tucarro.com.co/MCO-421959079-renault-sandero-dynamique-16-mecanico-_JM,2014,"23,200 Km"
http://mco-s2-p.mlstatic.com/443911-MCO20669833446_042016-Y.jpg?square=null, Renault Sandero Expression Mt 1600cc 8v Aa,$ 20.800.000 ,http://articulo.tucarro.com.co/MCO-421935168-renault-sandero-expression-1600cc-aa-_JM,2010,"70,000 Km"
